symbol,seq_len,start,end,primer_len,primer_id,penalty,sequence,tm,gc_percent,self_any_th,self_end_th,hairpin_th,end_stability,pcr_product_size,distance_mutation,fragment_length
IDH2,617,525,544,20,IDH2.primer_left_0_inner,0.240389,GGCTGTCAAGTGTGCCACCA,63.24,60,0,0,44.34,4.17,173,83,1195
IDH2,617,452,471,20,IDH2.primer_left_0_middle,0.35971,GGCTCCCAAACCGTGACCAG,63.36,65,0,0,0,4,246,156,1268
IDH2,617,339,358,20,IDH2.primer_left_0_outer,0.123632,GAAGCCCGTGGTGGAGATGG,62.876,65,0,0,42,3.51,359,269,1381
KRAS,225,170,189,20,KRAS.primer_left_0_inner,0.767065,CGGGAGAGAGGCCTGCTGAA,63.767,65,12,0,33.33,3.02,136,46,418
KRAS,225,95,114,20,KRAS.primer_left_0_middle,0.420316,ATTTCGGACTGGGAGCGAGC,62.58,60,0,0,0,5.03,211,121,493
KRAS,225,69,87,19,KRAS.primer_left_0_outer,2.645782,CTCGGCCAGTACTCCCGGC,64.646,73.684,23.89,19.1,45.47,6.13,237,147,519
NRAS,312,279,301,23,NRAS.primer_left_0_inner,6.137544,ACCTGTTTGTTGGACATACTGGA,59.862,43.478,23.59,0,45.15,3.86,114,24,3922
NRAS,312,147,166,20,NRAS.primer_left_0_middle,0.037781,CTGGTGGTGGTTGGAGCAGG,63.038,65,0,0,32.69,4.85,246,156,4054
NRAS,312,17,36,20,NRAS.primer_left_0_outer,0.228672,CTCCTTGGTGGGGGCTGTTC,62.771,65,0,0,36.2,3.18,376,286,4184
